index,subreddit,timestamp,sentiment,name,upvotes,updown ratio,url
1,r/politics,1650968622.0,0.03940971099920425,Biden Announces The First Pardons Of His Presidency â€” The president said he will grant 75 commutations and three pardons for people charged with low-level drug offenses or nonviolent crimes.,30950,0.93,https://www.huffpost.com/entry/biden-pardons-clemency-prisoners-recidivism_n_62674e33e4b0d077486472e2
2,r/worldnews,1650555865.0,-0.11051577081960957,"Biden says Putin is 'banking on us losing interest' in continuing sanctions, but the US can aid Ukraine for 'a long time'",54373,0.92,https://www.businessinsider.com/biden-us-military-aid-ukraine-long-time-putin-2022-4?utm_source=feedly&utm_medium=webfeeds
3,r/politics,1650551221.0,-0.05084303078061474,Sanders open to running for White House again if Biden doesnâ€™t,14159,0.92,https://thehill.com/news/senate/3274743-sanders-open-to-running-for-white-house-again-if-biden-doesnt/
4,r/UpliftingNews,1650982164.0,-0.027368500906233974,Biden Announces The First Pardons Of His Presidency â€” The president said he will grant 75 commutations and three pardons for people charged with low-level drug offenses or nonviolent crimes.,28560,0.89,https://www.cnn.com/2022/04/26/politics/second-chance-month-pardons-commutations-formerly-incarcerated-biden/index.html
5,r/ToiletPaperUSA,1650972612.0,-0.3665074756755457,Biden's AmericaðŸ˜” No more dick veins,4088,0.98,https://i.redd.it/j8mvze8kzuv81.png
6,r/walkaway,1650984726.0,0.04789839530821709,Get woke - go broke. Biden approval is underwater in 40 states - this is what we'll see in November.,1199,0.8,https://i.redd.it/jgvpsp5nzvv81.jpg
7,r/politics,1651585287.0,0.17423246754077723,Biden urges Congress to codify Roe v. Wade into law,81686,0.85,https://www.axios.com/biden-statement-scotus-abortion-draft-85e3d4e9-9676-4142-8a61-230693552b74.html?utm_source=twitter&utm_medium=social&utm_campaign=editorial&utm_content=politics-abortion
8,r/politics,1651681064.0,0.1597874217236445,"Biden: ""MAGA crowd"" is ""most extreme"" political group in U.S. history",49320,0.75,https://www.axios.com/biden-maga-crowd-extreme-2defc80d-8e26-4b00-ae1f-f315752c3ce9.html
9,r/WatchPeopleDieInside,1651377718.0,-0.009807855164947287,Camera cuts to Peter Doocyâ€™s face when Pres. Biden jokes about Fox News reporters and vaccinations,57103,0.81,https://streamable.com/qw0zmj
10,r/worldnews,1651231894.0,-0.24468416348941738,"Putin accepts invitation to attend G20 summit, setting up Biden showdown",49283,0.89,https://www.newsweek.com/putin-accepts-invitation-attend-g20-summit-indonesia-biden-showdown-1702103
11,r/benshapiro,1650624091.0,-0.25696206691075324,America last under joe biden.,661,0.82,https://i.redd.it/b2cqnwfc72v81.jpg
12,r/science,1651576568.0,-0.059954365370389076,"Trump supporters use less cognitively complex language and more simplistic modes of thinking than Biden supporters, study finds",18980,0.58,https://www.psypost.org/2022/05/trump-supporters-use-less-cognitively-complex-language-and-more-simplistic-modes-of-thinking-than-biden-supporters-study-finds-63068
13,r/worldnews,1650424370.0,-0.17610858400537666,"Saudi crown prince Mohammed bin Salman started 'shouting' at Biden's national security advisor when he brought up Jamal Khashoggi's brutal killing, report says",73569,0.92,https://www.yahoo.com/news/saudi-crown-prince-mohammed-bin-201402325.html
14,r/politics,1650065499.0,-0.03987616429992258,"Bidens paid 24.6% tax rate on $610,702 earnings, their tax filings show",48875,0.85,https://www.npr.org/2022/04/15/1093132507/the-bidens-paid-24-6-taxes-on-610-702-earnings-their-tax-returns-show
15,r/PoliticalHumor,1651066699.0,-0.16872485316191588,"For a group of people who complain about Biden's dementia, they can't remember anything about one of the biggest days in America's recent history...",55986,0.82,https://i.redd.it/wzkjuwogr2w81.jpg
16,r/politics,1649419917.0,-0.05851752763354785,"Biden 'has not ruled out' canceling student debt broadly using executive action, the White House says",49680,0.78,https://www.businessinsider.com/biden-hasnt-ruled-out-canceling-student-loan-debt-broadly-psaki-2022-4
17,r/psychology,1651576619.0,0.02287343967305926,"Trump supporters use less cognitively complex language and more simplistic modes of thinking than Biden supporters, study finds",13390,0.63,https://www.psypost.org/2022/05/trump-supporters-use-less-cognitively-complex-language-and-more-simplistic-modes-of-thinking-than-biden-supporters-study-finds-63068
18,r/worldnews,1649815710.0,-0.11148064718306347,Zelenskyy thanks Biden for saying Russia is committing 'genocide' in Ukraine: 'True words of a true leader',75743,0.77,https://www.businessinsider.com/zelenskyy-thanks-biden-russia-genocide-ukraine-true-words-leader-2022-4?utm_source=feedly&utm_medium=webfeeds
19,r/politics,1650735149.0,-0.03430277533700643,"Reps. Matt Gaetz and Jim Jordan plotted with Trump to stop Biden from becoming president, House January 6 committee says",49342,0.9,https://www.businessinsider.com/matt-gaetz-jim-jordan-plotted-trump-biden-jan-6-committee-2022-4?r=US&IR=T
20,r/MapPorn,1650417674.0,-0.19618303951708418,President Biden's net approval in each state on inauguration vs April,13737,0.89,https://www.reddit.com/gallery/u7ksdg
